title,category,phone,address,website,review_rating,review_count,url,scraped_at,plus_code,open_hours,status,price_range,link,latitude,longitude
Nevada Plumbing Authority,Plumber,+1 702-919-1924,,nevadaplumbingauthority.com,4.9,120,,2026-05-28T05:39:44.781696,,,Open 24 hours,,"https://www.google.com/maps/place/Nevada+Plumbing+Authority/@38.0674639,-94.958203,5z/data=!3m1!4b1!4m6!3m5!1s0x80c8ed68b871ad9d:0xb0021d9e10e9434a!8m2!3d38.0674639!4d-94.958203!16s%2Fg%2F11pqc65gmv?entry=ttu&g_ep=EgoyMDI2MDUyNS4wIKXMDSoASAFQAw%3D%3D",38.0674639,-94.958203
Kingdom Plumbing,Plumber,+1 702-840-5037,"8311 Farm Rd Suite B, Las Vegas, NV 89131, United States",kingdomplumbing.com,4.9,456,,2026-05-28T05:39:44.781696,"7PXF+F4 Las Vegas, Nevada, USA","
Open 24 hours

See more hours

",,,"https://www.google.com/maps/place/Kingdom+Plumbing/@36.2986388,-115.2771522,17z/data=!3m1!4b1!4m6!3m5!1s0x80c8ed46d3f14191:0xe1c3f0277b83d468!8m2!3d36.2986388!4d-115.2771522!16s%2Fg%2F11h_9v687l?entry=ttu&g_ep=EgoyMDI2MDUyNi4wIKXMDSoASAFQAw%3D%3D",36.2986388,-115.2771522
Water Wise Plumbing,Plumber,+1 702-597-9554,"9205 W Russell Rd #240, Las Vegas, NV 89148, United States",waterwiselv.com,4.8,353,,2026-05-28T05:39:44.781696,"3PM4+RP Las Vegas, Nevada, USA",,Closed · Opens 8 AM Thu,,"https://www.google.com/maps/place/Water+Wise+Plumbing/@36.0846196,-115.2931971,17z/data=!3m1!4b1!4m6!3m5!1s0x80c8b9bf1f78c61d:0x3d54eb4a9e94b307!8m2!3d36.0846196!4d-115.2931971!16s%2Fg%2F11h2cb0rl6?entry=ttu&g_ep=EgoyMDI2MDUyNS4wIKXMDSoASAFQAw%3D%3D",36.0846196,-115.2931971
Adaven Plumbing Inc,Plumber,+1 702-766-3320,"3230 E Charleston Blvd Ste. 118, Las Vegas, NV 89104, United States",adavenplumbinginc.com,5.0,653,,2026-05-28T05:39:44.781696,"5V5X+Q8 Las Vegas, Nevada, USA",,Open 24 hours,,"https://www.google.com/maps/place/Adaven+Plumbing+Inc/@36.1594719,-115.1016894,17z/data=!3m1!4b1!4m6!3m5!1s0x80c8c4bfec39f9c1:0x53c94f1d37eca72!8m2!3d36.1594719!4d-115.1016894!16s%2Fg%2F1ptwm41n7?entry=ttu&g_ep=EgoyMDI2MDUyNS4wIKXMDSoASAFQAw%3D%3D",36.1594719,-115.1016894
R&R Plumbing & AC Repair Las Vegas,Air conditioning repair service,+1 702-324-0670,"3808 Melody Ln Ste 150, Las Vegas, NV 89108, United States",rrheatingandairinc.com,4.9,157,,2026-05-28T05:39:44.781696,"5RR5+RJ Las Vegas, Nevada, USA",,Open 24 hours,,"https://www.google.com/maps/place/R%26R+Plumbing+%26+AC+Repair+Las+Vegas/@36.192117,-115.190977,17z/data=!3m1!4b1!4m6!3m5!1s0x80c8c17368f618d5:0x99fadc0553972ee9!8m2!3d36.192117!4d-115.190977!16s%2Fg%2F11vlh1p12j?entry=ttu&g_ep=EgoyMDI2MDUyNS4wIKXMDSoASAFQAw%3D%3D",36.192117,-115.190977
Active Plumbing,Plumber,+1 702-438-3357,"3580 Polaris Ave #17, Las Vegas, NV 89103, United States",activeplumbinginc.com,4.9,877,,2026-05-28T05:39:44.781696,"4RF7+GW Las Vegas, Nevada, USA",,Open 24 hours,,"https://www.google.com/maps/place/Active+Plumbing/@36.1237586,-115.1851298,17z/data=!3m1!4b1!4m6!3m5!1s0x80c8c41a993e78a1:0x72af29a31fbb9613!8m2!3d36.1237586!4d-115.1851298!16s%2Fg%2F1tlw9btz?entry=ttu&g_ep=EgoyMDI2MDUyNS4wIKXMDSoASAFQAw%3D%3D",36.1237586,-115.1851298
MC Plumbing LLC,Plumber,+1 702-341-5719,,mcplumbingllc.com,4.8,527,,2026-05-28T05:39:44.781696,,,Open · Closes 9 PM,,"https://www.google.com/maps/place/MC+Plumbing+LLC/@36.3100405,-115.0525004,11z/data=!3m1!4b1!4m6!3m5!1s0x80c8c28b4235b14f:0xf8417c95ac57ac62!8m2!3d36.3100404!4d-115.0525004!16s%2Fg%2F11c58nf9nn?entry=ttu&g_ep=EgoyMDI2MDUyNi4wIKXMDSoASAFQAw%3D%3D",36.3100405,-115.0525004
Much Better Plumbing,Plumber,+1 702-996-5220,,muchbetterplumbing.com,4.9,92,,2026-05-28T05:39:44.781696,,,Open 24 hours,,"https://www.google.com/maps/place/Much+Better+Plumbing/@36.0561135,-115.1072285,10z/data=!3m1!4b1!4m6!3m5!1s0x80c8c125d65b0671:0xe278a1e51aea2bd4!8m2!3d36.0561135!4d-115.1072285!16s%2Fg%2F11hy9nyx9w?entry=ttu&g_ep=EgoyMDI2MDUyNS4wIKXMDSoASAFQAw%3D%3D",36.0561135,-115.1072285
O'Rourke Plumbing Service,Plumber,+1 702-871-4666,"1800 Western Ave, Las Vegas, NV 89102, United States",orourkeplumbingservice.com,5.0,14,,2026-05-28T05:39:44.781696,"5R2P+36 Las Vegas, Nevada, USA",,Closes soon · 3:30 PM · Opens 7 AM Thu,,"https://www.google.com/maps/place/O'Rourke+Plumbing+Service/@36.1502066,-115.1644064,17z/data=!3m1!4b1!4m6!3m5!1s0x80c8c38ca982585b:0x88383b0fc4226da3!8m2!3d36.1502066!4d-115.1644064!16s%2Fg%2F1v8x2gl9?entry=ttu&g_ep=EgoyMDI2MDUyNS4wIKXMDSoASAFQAw%3D%3D",36.1502066,-115.1644064
Hips Plumbing,Plumber,+1 702-626-2147,"923 S Decatur Blvd, Las Vegas, NV 89107, United States",hipsplumbing.com,4.9,985,,2026-05-28T05:39:44.781696,"5Q6V+9Q Las Vegas, Nevada, USA",,Open 24 hours,,"https://www.google.com/maps/place/Hips+Plumbing/@36.160887,-115.2055476,17z/data=!3m1!4b1!4m6!3m5!1s0x80c8c131ca43a35f:0x20bff9c1e0c48e86!8m2!3d36.160887!4d-115.2055476!16s%2Fg%2F11pylwjjd6?entry=ttu&g_ep=EgoyMDI2MDUyNS4wIKXMDSoASAFQAw%3D%3D",36.160887,-115.2055476
Great Plumbing Service,Plumber,+1 702-485-4435,"3432 N Bruce St Suite 10, North Las Vegas, NV 89030, United States",greatplumbingservice.com,4.8,89,,2026-05-28T05:39:44.781696,"6VFG+53 North Las Vegas, Nevada, USA",,Open 24 hours,,"https://www.google.com/maps/place/Great+Plumbing+Service/@36.222885,-115.124872,17z/data=!3m1!4b1!4m6!3m5!1s0x80c8c29120d00001:0xa9db6113ea315ef!8m2!3d36.222885!4d-115.124872!16s%2Fg%2F11ffv30xy6?entry=ttu&g_ep=EgoyMDI2MDUyNi4wIKXMDSoASAFQAw%3D%3D",36.222885,-115.124872
Craig's Plumbing,Plumber,+1 702-496-3892,"3065 Rancho Dr, Las Vegas, NV 89130, United States",craigsplumbing.com,4.7,24,,2026-05-28T05:39:44.781696,"6Q7P+VP Las Vegas, Nevada, USA",,Open 24 hours,,"https://www.google.com/maps/place/Craig's+Plumbing/@36.2147381,-115.2131387,17z/data=!3m1!4b1!4m6!3m5!1s0x80c8c1ce18e4305d:0x415fff1c40f958fa!8m2!3d36.2147381!4d-115.2131387!16s%2Fg%2F11l86m0lnr?entry=ttu&g_ep=EgoyMDI2MDUyNS4wIKXMDSoASAFQAw%3D%3D",36.2147381,-115.2131387
Thee plumber of las vegas,Plumber,+1 702-742-0424,"617 Harvard St, Las Vegas, NV 89107, United States",theeplumber.com,4.6,11,,2026-05-28T05:39:44.781696,"5QHR+WR Las Vegas, Nevada, USA",,Open 24 hours,,"https://www.google.com/maps/place/Thee+plumber+of+las+vegas/@36.1797791,-115.2078772,17z/data=!3m1!4b1!4m6!3m5!1s0x80c8c1170ac47433:0x45475187a315d0f4!8m2!3d36.1797791!4d-115.2078772!16s%2Fg%2F11sgs96qgn?entry=ttu&g_ep=EgoyMDI2MDUyNS4wIKXMDSoASAFQAw%3D%3D",36.1797791,-115.2078772
Las Vegas Plumbing Repair,Plumber,+1 725-777-4429,"3717 N Colfax Cir, Las Vegas, NV 89108, United States",,5.0,2,,2026-05-28T05:39:44.781696,"6QH4+6G Las Vegas, Nevada, USA",,Open · Closes 10 PM,,"https://www.google.com/maps/place/Las+Vegas+Plumbing+Repair/@36.2281023,-115.2437272,17z/data=!3m1!4b1!4m6!3m5!1s0x80c8eb0b59e14e13:0x3665dc07f8708938!8m2!3d36.2281023!4d-115.2437272!16s%2Fg%2F11ngylbr4y?entry=ttu&g_ep=EgoyMDI2MDUyNi4wIKXMDSoASAFQAw%3D%3D",36.2281023,-115.2437272
Butter Plumbing,Plumber,+1 702-655-5214,"4130 Arctic Spring Ave Suite A, Las Vegas, NV 89115, United States",butterplumbing.com,4.7,566,,2026-05-28T05:39:44.781696,"6WPC+JQ Las Vegas, Nevada, USA",,Open 24 hours,,"https://www.google.com/maps/place/Butter+Plumbing/@36.2365339,-115.0780919,17z/data=!3m1!4b1!4m6!3m5!1s0x80c8c24bffffffff:0x9c6464753d207735!8m2!3d36.2365339!4d-115.0780919!16s%2Fg%2F1261gfpm8?entry=ttu&g_ep=EgoyMDI2MDUyNS4wIKXMDSoASAFQAw%3D%3D",36.2365339,-115.0780919
Rakeman Plumbing,Plumber,+1 702-642-8553,"4075 Losee Rd, North Las Vegas, NV 89030, United States",rakeman.com,3.9,84,,2026-05-28T05:39:44.781696,"6VMJ+FX North Las Vegas, Nevada, USA",,Open 24 hours,,"https://www.google.com/maps/place/Rakeman+Plumbing/@36.2336854,-115.1175179,17z/data=!3m1!4b1!4m6!3m5!1s0x80c8c36c00000001:0xfb7086f166a35cc!8m2!3d36.2336854!4d-115.1175179!16s%2Fg%2F1tdb4kdj?entry=ttu&g_ep=EgoyMDI2MDUyNi4wIKXMDSoASAFQAw%3D%3D",36.2336854,-115.1175179
Resolution Plumbing,Plumber,+1 725-373-2471,"3065 N Rancho Dr #154, Las Vegas, NV 89130, United States",resolutionplumbinglv.com,4.9,1011,,2026-05-28T05:39:44.781696,"6Q7P+XH Las Vegas, Nevada, USA",,Open · Closes 5 PM,,"https://www.google.com/maps/place/Resolution+Plumbing/@36.2149339,-115.2135602,17z/data=!3m1!4b1!4m6!3m5!1s0x80c8ed226d060c07:0x2cf1baf83402ba3f!8m2!3d36.2149339!4d-115.2135602!16s%2Fg%2F11jk0zzkqh?entry=ttu&g_ep=EgoyMDI2MDUyNS4wIKXMDSoASAFQAw%3D%3D",36.2149339,-115.2135602
"Anytime Plumbing, Heating & Cooling",Plumber,+1 725-213-6105,"4690 W Post Rd # 130, Las Vegas, NV 89118, United States",anytimeplumbingvegas.com,4.8,1847,,2026-05-28T05:39:44.781696,"3QGW+72 Las Vegas, Nevada, USA","
Open 24 hours

Confirmed by this business 6 weeks ago

See more hours

",,,"https://www.google.com/maps/place/Anytime+Plumbing,+Heating+%26+Cooling/@36.0756678,-115.2048774,17z/data=!3m1!4b1!4m6!3m5!1s0x80c8dd560cebec2f:0x383b5e1e07e104c8!8m2!3d36.0756678!4d-115.2048774!16s%2Fg%2F1tk6_smk?entry=ttu&g_ep=EgoyMDI2MDUyNS4wIKXMDSoASAFQAw%3D%3D",36.0756678,-115.2048774
"Moonlight Plumbing, Inc.",Plumber,+1 702-355-3938,"2237 W Gowan Rd STE 160, North Las Vegas, NV 89032, United States",moonlightplumbing.vegas,5.0,114,,2026-05-28T05:39:44.781696,"6RFG+9C North Las Vegas, Nevada, USA",,Open · Closes 5 PM,,"https://www.google.com/maps/place/Moonlight+Plumbing,+Inc./@36.223446,-115.1739625,17z/data=!3m1!4b1!4m6!3m5!1s0x41642083a0948da1:0xa8e87a9e7d7c5736!8m2!3d36.223446!4d-115.1739625!16s%2Fg%2F11y5nv32_m?entry=ttu&g_ep=EgoyMDI2MDUyNS4wIKXMDSoASAFQAw%3D%3D",36.223446,-115.1739625
Code Red Emergency Plumbing,Plumber,+1 702-949-6599,"4010 W Ali Baba Ln suite a, Las Vegas, NV 89118, United States",coderedplumbing.com,4.8,160,,2026-05-28T05:39:44.781696,"3RW5+C2 Las Vegas, Nevada, USA",,Open 24 hours,,"https://www.google.com/maps/place/Code+Red+Emergency+Plumbing/@36.0960811,-115.192385,17z/data=!3m1!4b1!4m6!3m5!1s0x80c8c6a84c9396cb:0xe1da9dfc7b277b1b!8m2!3d36.0960811!4d-115.192385!16s%2Fg%2F1pv1sgrzw?entry=ttu&g_ep=EgoyMDI2MDUyNS4wIKXMDSoASAFQAw%3D%3D",36.0960811,-115.192385
"Las Vegas, NV: Anthem Plumbing Services",Plumber,+1 702-350-1735,"3433 Losee Rd Suite # 6, North Las Vegas, NV 89030, United States",,4.4,19,,2026-05-28T05:39:44.781696,"6VFG+28 North Las Vegas, Nevada, USA",,Open 24 hours,,"https://www.google.com/maps/place/Las+Vegas,+NV:+Anthem+Plumbing+Services/@36.2225408,-115.1241981,17z/data=!3m1!4b1!4m6!3m5!1s0x80c8e85b1ee3ffff:0x4fd79d72268bd73a!8m2!3d36.2225408!4d-115.1241981!16s%2Fg%2F11h5619qy5?entry=ttu&g_ep=EgoyMDI2MDUyNi4wIKXMDSoASAFQAw%3D%3D",36.2225408,-115.1241981
Loyalty Plumbing & Air,Plumber,+1 702-903-7223,"6624 Brooklyn Heights St, Las Vegas, NV 89166, United States",callloyalty.com,4.9,1134,,2026-05-28T05:39:44.781696,"7MJ8+JX Las Vegas, Nevada, USA",,Open 24 hours,,"https://www.google.com/maps/place/Loyalty+Plumbing+%26+Air/@36.2815312,-115.3326204,17z/data=!3m1!4b1!4m6!3m5!1s0x80c893a15566454f:0x85e7db43980021de!8m2!3d36.2815312!4d-115.3326204!16s%2Fg%2F11q4dlstb8?entry=ttu&g_ep=EgoyMDI2MDUyNi4wIKXMDSoASAFQAw%3D%3D",36.2815312,-115.3326204
Nothing But Water Heaters,Plumber,+1 702-659-9667,,nbwaterheaters.com,5.0,1339,,2026-05-28T05:39:44.781696,,,Open · Closes 10 PM,,"https://www.google.com/maps/place/Nothing+But+Water+Heaters/@36.166129,-115.1496885,10z/data=!3m1!4b1!4m6!3m5!1s0x80c8c52d27617bfb:0x3d684651028bd3e8!8m2!3d36.166129!4d-115.1496886!16s%2Fg%2F11q91cr1jq?entry=ttu&g_ep=EgoyMDI2MDUyNS4wIKXMDSoASAFQAw%3D%3D",36.166129,-115.1496885
Dignity Plumbing,Plumber,+1 702-840-8910,"2915 Losee Rd #110, North Las Vegas, NV 89030, United States",dignityplumbing.com,4.9,902,,2026-05-28T05:39:44.781696,"6V79+4F North Las Vegas, Nevada, USA",,Open · Closes 4:30 PM,,"https://www.google.com/maps/place/Dignity+Plumbing/@36.2127606,-115.131347,17z/data=!3m1!4b1!4m6!3m5!1s0x80c8c31768002267:0x7ed0f1ddb3aa4ba8!8m2!3d36.2127606!4d-115.131347!16s%2Fg%2F11fk1h47pb?entry=ttu&g_ep=EgoyMDI2MDUyNS4wIKXMDSoASAFQAw%3D%3D",36.2127606,-115.131347
Plumbing Solutions of Nevada,Plumber,+1 702-463-2500,"4170 W Pioneer Ave #A, Las Vegas, NV 89102, United States",plumbingsolutionsofnevada.com,4.6,127,,2026-05-28T05:39:44.781696,"4RH3+9P Las Vegas, Nevada, USA",,Open 24 hours,,"https://www.google.com/maps/place/Plumbing+Solutions+of+Nevada/@36.1284242,-115.1956261,17z/data=!3m1!4b1!4m6!3m5!1s0x80c8c6af576126cd:0x704396d9e51f03dd!8m2!3d36.1284242!4d-115.1956261!16s%2Fg%2F1260zqrwy?entry=ttu&g_ep=EgoyMDI2MDUyNi4wIKXMDSoASAFQAw%3D%3D",36.1284242,-115.1956261
365 Plumbing Of Nevada,Plumber,+1 702-857-2583,"5509 E Carey Ave, Las Vegas, NV 89156, United States",365plumbingnv.com,4.8,125,,2026-05-28T05:39:44.781696,"6W3W+6W Las Vegas, Nevada, USA",,Open 24 hours,,"https://www.google.com/maps/place/365+Plumbing+Of+Nevada/@36.2030446,-115.0526922,17z/data=!3m1!4b1!4m6!3m5!1s0x4cddd80b243ff997:0xa38a8dc739092fc4!8m2!3d36.2030446!4d-115.0526922!16s%2Fg%2F11rtz35zzl?entry=ttu&g_ep=EgoyMDI2MDUyNS4wIKXMDSoASAFQAw%3D%3D",36.2030446,-115.0526922
LV Restoration & Plumbing,Plumber,+1 702-255-8700,"500 N Rainbow Blvd, Las Vegas, NV 89107, United States",lvrestoration.com,4.6,195,,2026-05-28T05:39:44.781696,"5QH5+6C Las Vegas, Nevada, USA",,Open 24 hours,,"https://www.google.com/maps/place/LV+Restoration+%26+Plumbing/@36.178097,-115.241428,17z/data=!3m1!4b1!4m6!3m5!1s0x80c8c0521a6d96b1:0xe04d34302a04d7d8!8m2!3d36.178097!4d-115.241428!16s%2Fg%2F1pxwtxsh5?entry=ttu&g_ep=EgoyMDI2MDUyNi4wIKXMDSoASAFQAw%3D%3D",36.178097,-115.241428
Focus Plumbing LLC,Plumber,+1 702-710-4420,"1220 S Commerce St #120, Las Vegas, NV 89102, United States",focusplumbing.com,4.8,1705,,2026-05-28T05:39:44.781696,"5R4V+VJ Las Vegas, Nevada, USA",,Closes soon · 4 PM · Opens 7 AM Thu,,"https://www.google.com/maps/place/Focus+Plumbing+LLC/@36.157177,-115.155902,17z/data=!3m1!4b1!4m6!3m5!1s0x80c8c38fd6a261e1:0x1b145b3b6e74ace9!8m2!3d36.157177!4d-115.155902!16s%2Fg%2F1tdhf8fs?entry=ttu&g_ep=EgoyMDI2MDUyNS4wIKXMDSoASAFQAw%3D%3D",36.157177,-115.155902
American Brothers Plumbing Company Las Vegas,Plumber,+1 702-704-1776,"1631 E Desert Inn Rd, Las Vegas, NV 89169, United States",americanbrosplumbingco.com,4.4,121,,2026-05-28T05:39:44.781696,"4VHC+R2 Las Vegas, Nevada, USA",,Open 24 hours,,"https://www.google.com/maps/place/American+Brothers+Plumbing+Company+Las+Vegas/@36.1295347,-115.1299492,17z/data=!3m1!4b1!4m6!3m5!1s0x80c8dacb93a5925b:0x25626875b1ab0426!8m2!3d36.1295347!4d-115.1299492!16s%2Fg%2F11hbprp0ln?entry=ttu&g_ep=EgoyMDI2MDUyNS4wIKXMDSoASAFQAw%3D%3D",36.1295347,-115.1299492
Impact Plumbing,Plumber,+1 702-707-4044,"4710 W Dewey Dr suite 114, Las Vegas, NV 89118, United States",justcallimpact.com,5.0,853,,2026-05-28T05:39:44.781696,"3QQV+HW Las Vegas, Nevada, USA",,Open 24 hours,,"https://www.google.com/maps/place/Impact+Plumbing/@36.0888863,-115.2051264,17z/data=!3m1!4b1!4m6!3m5!1s0x80c8c996e53c355d:0x16b3c14ba32cd6a6!8m2!3d36.0888863!4d-115.2051264!16s%2Fg%2F11nxfs2nn2?entry=ttu&g_ep=EgoyMDI2MDUyNS4wIKXMDSoASAFQAw%3D%3D",36.0888863,-115.2051264
Plumbing Kings,Plumber,+1 702-234-2345,"5966 S Topaz St, Las Vegas, NV 89120, United States",plumbingkingsllc.com,4.9,115,,2026-05-28T05:39:44.781696,"3VJP+HF Las Vegas, Nevada, USA",,Open 24 hours,,"https://www.google.com/maps/place/Plumbing+Kings/@36.0814798,-115.1138275,17z/data=!3m1!4b1!4m6!3m5!1s0x80c8c93d41f9ca0f:0x202a4e6099a71a9a!8m2!3d36.0814798!4d-115.1138275!16s%2Fg%2F11cs1rg8cx?entry=ttu&g_ep=EgoyMDI2MDUyNS4wIKXMDSoASAFQAw%3D%3D",36.0814798,-115.1138275
"Larkin Plumbing & Heating, Inc",Plumber,+1 702-382-2410,"1801 S Industrial Rd, Las Vegas, NV 89102, United States",larkinplumbingservice.com,4.4,253,,2026-05-28T05:39:44.781696,"5R2Q+2V Las Vegas, Nevada, USA",,Open · Closes 5 PM,,"https://www.google.com/maps/place/Larkin+Plumbing+%26+Heating,+Inc/@36.1500254,-115.1603372,17z/data=!3m1!4b1!4m6!3m5!1s0x80c8c38bea640907:0x3d4022e5c9329578!8m2!3d36.1500254!4d-115.1603372!16s%2Fg%2F1ttq2czw?entry=ttu&g_ep=EgoyMDI2MDUyNi4wIKXMDSoASAFQAw%3D%3D",36.1500254,-115.1603372
DMS Plumbing LLC,Plumber,+1 702-353-7335,"100 S Jones Blvd, Las Vegas, NV 89107, United States",dmsplumbinglasvegas.com,4.7,404,,2026-05-28T05:39:44.781696,"5QFG+3F Las Vegas, Nevada, USA",,Open 24 hours,,"https://www.google.com/maps/place/DMS+Plumbing+LLC/@36.1727213,-115.2237674,17z/data=!3m1!4b1!4m6!3m5!1s0x80c8c0dab404b981:0x74a7d49b2307b7ba!8m2!3d36.1727213!4d-115.2237674!16s%2Fg%2F12hlbvcdk?entry=ttu&g_ep=EgoyMDI2MDUyNS4wIKXMDSoASAFQAw%3D%3D",36.1727213,-115.2237674
Rodeo Plumbing of Las Vegas,Plumber,+1 928-770-2834,,rodeo-plumbing.com,5.0,688,,2026-05-28T05:39:44.781696,,,Open 24 hours,,"https://www.google.com/maps/place/Rodeo+Plumbing+of+Las+Vegas/@36.166129,-115.1496825,10z/data=!3m1!4b1!4m6!3m5!1s0x45322efd62b3e681:0x315ae50333a7004d!8m2!3d36.166129!4d-115.1496825!16s%2Fg%2F11w_cbl1t9?entry=ttu&g_ep=EgoyMDI2MDUyNi4wIKXMDSoASAFQAw%3D%3D",36.166129,-115.1496825
Vegas Valley Plumbing,Plumber,+1 702-766-8827,"6255 McLeod Dr Unit 13, Las Vegas, NV 89120, United States",vegasvalleyplumbing.com,4.9,940,,2026-05-28T05:39:44.781696,"3VGQ+F9 Las Vegas, Nevada, USA",,Open 24 hours,,"https://www.google.com/maps/place/Vegas+Valley+Plumbing/@36.0762138,-115.1115575,17z/data=!3m1!4b1!4m6!3m5!1s0x80c8cf48da93bcd5:0x43d417d01fd48835!8m2!3d36.0762138!4d-115.1115575!16s%2Fg%2F11f7bq_flr?entry=ttu&g_ep=EgoyMDI2MDUyNi4wIKXMDSoASAFQAw%3D%3D",36.0762138,-115.1115575
Choice Plumbing Las Vegas,Plumber,+1 702-573-2956,"4450 S Hualapai Wy UNIT 1060, Las Vegas, NV 89147, United States",choiceplumbingnv.com,4.9,58,,2026-05-28T05:39:44.781696,"4M5P+6M Las Vegas, Nevada, USA",,Open · Closes 6 PM,,"https://www.google.com/maps/place/Choice+Plumbing+Las+Vegas/@36.1080338,-115.3133228,17z/data=!3m1!4b1!4m6!3m5!1s0x62372f5bf2f2bbc3:0x21bc9d8d394dd13b!8m2!3d36.1080338!4d-115.3133228!16s%2Fg%2F11sdm4wlbh?entry=ttu&g_ep=EgoyMDI2MDUyNS4wIKXMDSoASAFQAw%3D%3D",36.1080338,-115.3133228
Atlas Plumbing,Plumber,+1 702-903-2626,"636 Middlegate Rd, Henderson, NV 89011, United States",atlasplumbinglv.com,4.8,1344,,2026-05-28T05:39:44.781696,"3X8G+38 Henderson, Nevada, USA",,Open · Closes 6 PM,,"https://www.google.com/maps/place/Atlas+Plumbing/@36.0651912,-115.0242175,17z/data=!3m1!4b1!4m6!3m5!1s0x80c8d0d65e86899d:0x78b27d962e8cd4ce!8m2!3d36.0651912!4d-115.0242175!16s%2Fg%2F11b6gl4d55?entry=ttu&g_ep=EgoyMDI2MDUyNS4wIKXMDSoASAFQAw%3D%3D",36.0651912,-115.0242175
Roto-Rooter Plumbing & Water Cleanup,Plumber,+1 725-465-2162,"3435 W Craig Rd suite d, North Las Vegas, NV 89032, United States",rotorooter.com,4.9,62,,2026-05-28T05:39:44.781696,"6RQ7+9F North Las Vegas, Nevada, USA",,Open 24 hours,,"https://www.google.com/maps/place/Roto-Rooter+Plumbing+%26+Water+Cleanup/@36.2384214,-115.1862897,17z/data=!3m1!4b1!4m6!3m5!1s0x80c8e9c17ab0756b:0xd3b078d1ea29d05e!8m2!3d36.2384214!4d-115.1862897!16s%2Fg%2F11v190gw2j?entry=ttu&g_ep=EgoyMDI2MDUyNi4wIKXMDSoASAFQAw%3D%3D",36.2384214,-115.1862897
Redline Plumbing LLC,Plumber,+1 702-935-4465,"5828 Spring Mountain Rd #305, Las Vegas, NV 89146, United States",redlineplumbing-lv.com,4.9,373,,2026-05-28T05:39:44.781696,"4QGH+M2 Las Vegas, Nevada, USA","
Open 24 hours

See more hours

",,,"https://www.google.com/maps/place/Redline+Plumbing+LLC/@36.1267284,-115.22245,17z/data=!3m1!4b1!4m6!3m5!1s0x80c8c7650f6c71b1:0x47b63fa7a313d220!8m2!3d36.1267284!4d-115.22245!16s%2Fg%2F11jnxj5rys?entry=ttu&g_ep=EgoyMDI2MDUyNS4wIKXMDSoASAFQAw%3D%3D",36.1267284,-115.22245
On Time Service Plumbing,Plumber,+1 702-504-4544,"6069 S Fort Apache Rd #100, Las Vegas, NV 89148, United States",ontimeserviceplumbing.com,5.0,333,,2026-05-28T05:39:44.781696,"3PH2+69 Las Vegas, Nevada, USA",,Open 24 hours,,"https://www.google.com/maps/place/On+Time+Service+Plumbing/@36.0781176,-115.2990913,17z/data=!3m1!4b1!4m6!3m5!1s0x80c8b88918f23f25:0x72c7657c9b14ad01!8m2!3d36.0781176!4d-115.2990913!16s%2Fg%2F1263nyvv1?entry=ttu&g_ep=EgoyMDI2MDUyNS4wIKXMDSoASAFQAw%3D%3D",36.0781176,-115.2990913
"Hawthorne Plumbing, Heating & Cooling",Plumber,+1 702-369-8777,"4367 W Sunset Rd Suite B, Las Vegas, NV 89118, United States",hawthornephc.com,4.7,632,,2026-05-28T05:39:44.781696,"3RC2+3F Las Vegas, Nevada, USA",,Open 24 hours,,"https://www.google.com/maps/place/Hawthorne+Plumbing,+Heating+%26+Cooling/@36.070188,-115.1988725,17z/data=!3m1!4b1!4m6!3m5!1s0x80c8c66d255ff35b:0xb1225472c027b56f!8m2!3d36.070188!4d-115.1988725!16s%2Fg%2F1thsrnqw?entry=ttu&g_ep=EgoyMDI2MDUyNi4wIKXMDSoASAFQAw%3D%3D",36.070188,-115.1988725
Roto-Rooter Plumbing & Water Cleanup,Plumber,+1 702-761-4137,"2901 S Highland Dr Bldg 12C, Las Vegas, NV 89109, United States",rotorooter.com,4.7,362,,2026-05-28T05:39:44.781696,"4RQG+Q9 Las Vegas, Nevada, USA",,Open 24 hours,,"https://www.google.com/maps/place/Roto-Rooter+Plumbing+%26+Water+Cleanup/@36.1394516,-115.1740016,17z/data=!3m1!4b1!4m6!3m5!1s0x80c8c28d357e411d:0x4442041c10c25e87!8m2!3d36.1394516!4d-115.1740016!16s%2Fg%2F1tcxvj7g?entry=ttu&g_ep=EgoyMDI2MDUyNi4wIKXMDSoASAFQAw%3D%3D",36.1394516,-115.1740016
Benjamin Franklin Plumbing of Las Vegas,Plumber,+1 702-820-1162,,bfplumbinglasvegas.com,4.8,792,,2026-05-28T05:39:44.781696,,,Open 24 hours,,"https://www.google.com/maps/place/Benjamin+Franklin+Plumbing+of+Las+Vegas/@36.166129,-115.1496885,10z/data=!3m1!4b1!4m6!3m5!1s0x80c8d1c4771097e1:0xe3255773beda63e3!8m2!3d36.166129!4d-115.1496886!16s%2Fg%2F11bxfzfd6q?entry=ttu&g_ep=EgoyMDI2MDUyNi4wIKXMDSoASAFQAw%3D%3D",36.166129,-115.1496885
Bumble Breeze,HVAC contractor,+1 702-703-1346,"4755 W University Ave, Las Vegas, NV 89103, United States",bumblebreeze.com,4.7,4027,,2026-05-28T05:39:44.781696,"4Q5V+RQ Las Vegas, Nevada, USA","
Open 24 hours

See more hours

",,,"https://www.google.com/maps/place/Bumble+Breeze/@36.1096012,-115.2055534,17z/data=!3m1!4b1!4m6!3m5!1s0x80c8b9d671290999:0x6047bfea2d255c23!8m2!3d36.1096012!4d-115.2055534!16s%2Fg%2F11f66hf5xq?entry=ttu&g_ep=EgoyMDI2MDUyNi4wIKXMDSoASAFQAw%3D%3D",36.1096012,-115.2055534
Tech Plumber North Las Vegas,Plumber,+1 702-844-8592,"3505 Hickey Ave, North Las Vegas, NV 89030, United States",techcoollv.com,4.9,60,,2026-05-28T05:39:44.781696,"5VVX+FF North Las Vegas, Nevada, USA",,Open 24 hours,,"https://www.google.com/maps/place/Tech+Plumber+North+Las+Vegas/@36.1936837,-115.1013631,17z/data=!3m1!4b1!4m6!3m5!1s0x80c8c3fe984fae1b:0x34d5149741ada1b2!8m2!3d36.1936837!4d-115.1013631!16s%2Fg%2F11nmkmt6gx?entry=ttu&g_ep=EgoyMDI2MDUyNi4wIKXMDSoASAFQAw%3D%3D",36.1936837,-115.1013631
Precision Plumbing,Plumber,+1 702-253-6363,"2470 N Decatur Blvd Suite #170, Las Vegas, NV 89108, United States",precisionplumbinglv.com,4.8,2281,,2026-05-28T05:39:44.781696,"6Q3W+Q2 Las Vegas, Nevada, USA",,Open 24 hours,,"https://www.google.com/maps/place/Precision+Plumbing/@36.2044646,-115.2049858,17z/data=!3m1!4b1!4m6!3m5!1s0x80c8c022d0b8465b:0x8442493bf23dfa03!8m2!3d36.2044646!4d-115.2049858!16s%2Fg%2F1td8zdfb?entry=ttu&g_ep=EgoyMDI2MDUyNi4wIKXMDSoASAFQAw%3D%3D",36.2044646,-115.2049858
Techcool Plumber Las Vegas,Plumber,+1 725-444-7943,"2905 Maverick St, Las Vegas, NV 89108, United States",techcoollv.com,4.7,138,,2026-05-28T05:39:44.781696,"6Q79+3W Las Vegas, Nevada, USA",,Open 24 hours,,"https://www.google.com/maps/place/Techcool+Plumber+Las+Vegas/@36.2126343,-115.2302047,17z/data=!3m1!4b1!4m6!3m5!1s0x80c8ebed44802b65:0x60f1549903ea311c!8m2!3d36.2126343!4d-115.2302047!16s%2Fg%2F11h3c8vm9s?entry=ttu&g_ep=EgoyMDI2MDUyNS4wIKXMDSoASAFQAw%3D%3D",36.2126343,-115.2302047
BEST Air Conditioning Plumbing Repair,HVAC contractor,+1 702-660-6626,"6260 Stevenson Way, Las Vegas, NV 89120, United States",bestairconditioningplumbingrepair.com,4.9,3236,,2026-05-28T05:39:44.781696,"3VGV+C9 Las Vegas, Nevada, USA",,Open 24 hours,,"https://www.google.com/maps/place/BEST+Air+Conditioning+Plumbing+Repair/@36.0760085,-115.1066161,17z/data=!3m1!4b1!4m6!3m5!1s0x80c8cfd605dd5f4f:0x67ef8cb8584a2a74!8m2!3d36.0760085!4d-115.1066161!16s%2Fg%2F11d_2gb9j4?entry=ttu&g_ep=EgoyMDI2MDUyNi4wIKXMDSoASAFQAw%3D%3D",36.0760085,-115.1066161
Dino's Plumbing,Plumber,+1 702-460-9426,,dinosplumbinglv.com,4.8,145,,2026-05-28T05:39:44.781696,,,Open · Closes 9 PM,,"https://www.google.com/maps/place/Dino's+Plumbing/@35.9277595,-114.9698719,8z/data=!3m1!4b1!4m6!3m5!1s0x80c8bfafdd11db17:0x38f66946d848dad0!8m2!3d35.9277595!4d-114.969872!16s%2Fg%2F12h_sg6tb?entry=ttu&g_ep=EgoyMDI2MDUyNi4wIKXMDSoASAFQAw%3D%3D",35.9277595,-114.9698719
"Sound Plumbing & Heating, Inc.",Plumber,+1 702-727-4449,"3013 N Rancho Dr #121, Las Vegas, NV 89130, United States",soundplumbinglv.com,4.7,76,,2026-05-28T05:39:44.781696,"6Q7P+JG Las Vegas, Nevada, USA",,,,"https://www.google.com/maps/place/Sound+Plumbing+%26+Heating,+Inc./@36.214028,-115.2136482,17z/data=!3m1!4b1!4m6!3m5!1s0x80c8c55d8ac9049d:0x807be3b455e6df78!8m2!3d36.214028!4d-115.2136482!16s%2Fg%2F1260s4hbm?entry=ttu&g_ep=EgoyMDI2MDUyNi4wIKXMDSoASAFQAw%3D%3D",36.214028,-115.2136482
City Wide Plumbing,Plumber,+1 702-586-5800,"3065 N Rancho Dr Suite 142, Las Vegas, NV 89130, United States",citywideplumbinglv.com,4.8,705,,2026-05-28T05:39:44.781696,"6Q8P+5C Las Vegas, Nevada, USA",,Open 24 hours,,"https://www.google.com/maps/place/City+Wide+Plumbing/@36.2153806,-115.2139402,17z/data=!3m1!4b1!4m6!3m5!1s0x80c8c1c8c0846369:0x34b7d26735c8e623!8m2!3d36.2153806!4d-115.2139402!16s%2Fg%2F11b6jgnbvh?entry=ttu&g_ep=EgoyMDI2MDUyNi4wIKXMDSoASAFQAw%3D%3D",36.2153806,-115.2139402
Goettl Air Conditioning and Plumbing - Las Vegas NV,HVAC contractor,+1 725-234-0840,"6521 W Post Rd Ste 1, Las Vegas, NV 89118, United States",goettl.com,4.7,10948,,2026-05-28T05:39:44.781696,"3QF8+H6 Las Vegas, Nevada, USA",,Open 24 hours,,"https://www.google.com/maps/place/Goettl+Air+Conditioning+and+Plumbing+-+Las+Vegas+NV/@36.0738902,-115.2343958,17z/data=!3m1!4b1!4m6!3m5!1s0x80c8c7963280683d:0xa5d80d98fdcd1ed2!8m2!3d36.0738902!4d-115.2343958!16s%2Fg%2F11ckkx7xt0?entry=ttu&g_ep=EgoyMDI2MDUyNi4wIKXMDSoASAFQAw%3D%3D",36.0738902,-115.2343958
"Elite Plumbing, Heating & Air Conditioning",Air conditioning repair service,+1 702-263-2665,"3085 E Post Rd, Las Vegas, NV 89120, United States",eliteheatingandacrepair.com,4.8,3627,,2026-05-28T05:39:44.781696,"3VGR+2R Las Vegas, Nevada, USA",,Open 24 hours,,"https://www.google.com/maps/place/Elite+Plumbing,+Heating+%26+Air+Conditioning/@36.075065,-115.107931,17z/data=!3m1!4b1!4m6!3m5!1s0x80c8c55eb27169e1:0xd80a94ce67561aa4!8m2!3d36.075065!4d-115.107931!16s%2Fg%2F1tgfdn6j?entry=ttu&g_ep=EgoyMDI2MDUyNi4wIKXMDSoASAFQAw%3D%3D",36.075065,-115.107931
"ProServ Las Vegas – General Contractor, Plumbing, HVAC & Appliance Repair",Plumber,+1 702-656-4500,,proservlv.com,4.7,320,,2026-05-28T05:39:44.781696,,,Open · Closes 5 PM,,"https://www.google.com/maps/place/ProServ+Las+Vegas+%E2%80%93+General+Contractor,+Plumbing,+HVAC+%26+Appliance+Repair/@36.0561135,-115.0880966,10z/data=!3m1!4b1!4m6!3m5!1s0x80c8e94225f59e75:0xbb49491961d019f5!8m2!3d36.0561135!4d-115.0880966!16s%2Fg%2F1tct8_m3?entry=ttu&g_ep=EgoyMDI2MDUyNi4wIKXMDSoASAFQAw%3D%3D",36.0561135,-115.0880966
Monkey Wrench Plumbing,Plumber,+1 702-900-5992,"5916 Kelitabb Ct, Las Vegas, NV 89130, United States",monkeywrenchlv.com,5.0,461,,2026-05-28T05:39:44.781696,"7Q3G+W3 Las Vegas, Nevada, USA",,Open 24 hours,,"https://www.google.com/maps/place/Monkey+Wrench+Plumbing/@36.254756,-115.2247721,17z/data=!3m1!4b1!4m6!3m5!1s0x4edc6a39df19533:0x301a57e1838b492b!8m2!3d36.254756!4d-115.2247721!16s%2Fg%2F11wtgw6vm0?entry=ttu&g_ep=EgoyMDI2MDUyNi4wIKXMDSoASAFQAw%3D%3D",36.254756,-115.2247721
Pristine Plumbing,Plumber,+1 702-955-6512,"7244 Boyd Ln, Las Vegas, NV 89131, United States",pristineplumbinglv.com,4.9,337,,2026-05-28T05:39:44.781696,"7QVH+H2 Las Vegas, Nevada, USA",,Open 24 hours,,"https://www.google.com/maps/place/Pristine+Plumbing/@36.2939196,-115.2224768,17z/data=!3m1!4b1!4m6!3m5!1s0x80c8eb735612f2bf:0xc5c489ea10cda5c5!8m2!3d36.2939196!4d-115.2224768!16s%2Fg%2F11vm0cg4cn?entry=ttu&g_ep=EgoyMDI2MDUyNi4wIKXMDSoASAFQAw%3D%3D",36.2939196,-115.2224768
Champion Services,HVAC contractor,+1 702-896-0000,"5460 S Eastern Ave, Las Vegas, NV 89119, United States",callchampionservices.com,4.9,1394,,2026-05-28T05:39:44.781696,"3VRJ+4J Las Vegas, Nevada, USA",,Open · Closes 5 PM,,"https://www.google.com/maps/place/Champion+Services/@36.090319,-115.1183859,17z/data=!3m1!4b1!4m6!3m5!1s0x80c8c6641566f533:0x4d97cf29eebe3caf!8m2!3d36.090319!4d-115.1183859!16s%2Fg%2F1vc822f5?entry=ttu&g_ep=EgoyMDI2MDUyNi4wIKXMDSoASAFQAw%3D%3D",36.090319,-115.1183859
Boss Plumbing & HVAC,Plumber,+1 702-331-3993,"6665 E Lake Mead Blvd, Las Vegas, NV 89156, United States",bossplumbingandhvac.com,4.6,293,,2026-05-28T05:39:44.781696,"5XWC+3X Las Vegas, Nevada, USA",,,,"https://www.google.com/maps/place/Boss+Plumbing+%26+HVAC/@36.195169,-115.0275149,17z/data=!3m1!4b1!4m6!3m5!1s0x80c8c32b490d397f:0xdffaf29effb189e4!8m2!3d36.195169!4d-115.0275149!16s%2Fg%2F11f60zbs0g?entry=ttu&g_ep=EgoyMDI2MDUyNi4wIKXMDSoASAFQAw%3D%3D",36.195169,-115.0275149
Alpha Plumbing LLC,Plumber,+1 702-344-4121,"3140 Polaris Ave Suite 23, Las Vegas, NV 89102, United States",alphaplumbingnv.com,5.0,860,,2026-05-28T05:39:44.781696,"4RJ7+X6 Las Vegas, Nevada, USA",,Open · Closes 5 PM,,"https://www.google.com/maps/place/Alpha+Plumbing+LLC/@36.1324119,-115.1869706,17z/data=!3m1!4b1!4m6!3m5!1s0x80c8c5bc42ef9717:0x5855cc1bc9f3a621!8m2!3d36.1324119!4d-115.1869706!16s%2Fg%2F11x6qbcwfy?entry=ttu&g_ep=EgoyMDI2MDUyNi4wIKXMDSoASAFQAw%3D%3D",36.1324119,-115.1869706
Desert Water Heaters,Plumber,+1 702-710-6640,"8365 Eastgate Rd, Henderson, NV 89015, United States",desertwaterheaters.com,4.8,530,,2026-05-28T05:39:44.781696,"2XPP+89 Henderson, Nevada, USA",,Open · Closes 8 PM,,"https://www.google.com/maps/place/Desert+Water+Heaters/@36.0358581,-115.0141063,17z/data=!3m1!4b1!4m6!3m5!1s0x80c8d1108add55a7:0xc7507d4833aa88d!8m2!3d36.0358581!4d-115.0141063!16s%2Fg%2F1tfrs61x?entry=ttu&g_ep=EgoyMDI2MDUyNi4wIKXMDSoASAFQAw%3D%3D",36.0358581,-115.0141063
Second Opinion Plumbing LLC,Plumber,+1 702-472-6835,"205 E Brooks Ave Suite B, North Las Vegas, NV 89030, United States",secondopinionplumbingllc.com,4.6,223,,2026-05-28T05:39:44.781696,"6V77+G8 North Las Vegas, Nevada, USA",,Open 24 hours,,"https://www.google.com/maps/place/Second+Opinion+Plumbing+LLC/@36.213763,-115.1366552,17z/data=!3m1!4b1!4m6!3m5!1s0x80c8c2912095793f:0x27f32ea89cd6722d!8m2!3d36.213763!4d-115.1366552!16s%2Fg%2F11bzv3r244?entry=ttu&g_ep=EgoyMDI2MDUyNi4wIKXMDSoASAFQAw%3D%3D",36.213763,-115.1366552
Leak Experts USA Plumbing,Plumber,+1 725-677-2675,"2235 E Flamingo Rd #151, Las Vegas, NV 89119, United States",leakexpertsusa.com,5.0,370,,2026-05-28T05:39:44.781696,"4V7H+G7 Las Vegas, Nevada, USA",,Open 24 hours,,"https://www.google.com/maps/place/Leak+Experts+USA+Plumbing/@36.1138497,-115.1217958,17z/data=!3m1!4b1!4m6!3m5!1s0x6a2f612df43c57c3:0xd36f4f3a35ed2611!8m2!3d36.1138497!4d-115.1217958!16s%2Fg%2F11scs4kzlt?entry=ttu&g_ep=EgoyMDI2MDUyNi4wIKXMDSoASAFQAw%3D%3D",36.1138497,-115.1217958
Frontier Plumbing,Plumber,+1 702-602-6705,"6807 W Gary Ave Ste 2, Las Vegas, NV 89139, United States",frontierplumbinglv.com,5.0,206,,2026-05-28T05:39:44.781696,"2Q75+R9 Las Vegas, Nevada, USA",,Open · Closes 5 PM,,"https://www.google.com/maps/place/Frontier+Plumbing/@36.0145877,-115.2415371,17z/data=!3m1!4b1!4m6!3m5!1s0x80c8c85737794a03:0x1963dd3638d3d4a0!8m2!3d36.0145877!4d-115.2415371!16s%2Fg%2F1wfcpf0w?entry=ttu&g_ep=EgoyMDI2MDUyNi4wIKXMDSoASAFQAw%3D%3D",36.0145877,-115.2415371
"A Better Plumbing Company, LLC",Plumber,+1 702-813-4236,,,4.7,43,,2026-05-28T05:39:44.781696,,,Open · Closes 7 PM,,"https://www.google.com/maps/place/A+Better+Plumbing+Company,+LLC/@36.1202955,-115.0850665,14z/data=!3m1!4b1!4m6!3m5!1s0x80c8c524d2816c1b:0xe1e22c83371f08f3!8m2!3d36.1202955!4d-115.0850665!16s%2Fg%2F1vppst8m?entry=ttu&g_ep=EgoyMDI2MDUyNi4wIKXMDSoASAFQAw%3D%3D",36.1202955,-115.0850665
Max Plumbing & Air Conditioning,Plumber,+1 702-521-3085,"4131 W Oquendo Rd #1, Las Vegas, NV 89118, United States",maxplumbingandair.com,4.7,149,,2026-05-28T05:39:44.781696,"3RM3+2V Las Vegas, Nevada, USA",,Open 24 hours,,"https://www.google.com/maps/place/Max+Plumbing+%26+Air+Conditioning/@36.0825011,-115.1953038,17z/data=!3m1!4b1!4m6!3m5!1s0x80c8c75b689ae45b:0x9df9ffeeb5ea082b!8m2!3d36.0825011!4d-115.1953038!16s%2Fg%2F11j7k55kfq?entry=ttu&g_ep=EgoyMDI2MDUyNi4wIKXMDSoASAFQAw%3D%3D",36.0825011,-115.1953038
Leak Detection & Repair Professionals | Las Vegas Plumber,Plumber,,"4420 S Arville St Unit 19, Las Vegas, NV 89103, United States",leakdetectionandrepairpros.com,5.0,16,,2026-05-28T05:39:44.781696,"3HF8+M8 Las Vegas, Nevada, USA",,Open · Closes 6 PM,,"https://www.google.com/maps/place/Leak+Detection+%26+Repair+Professionals+%7C+Las+Vegas+Plumber/@36.0742338,-115.4342498,17z/data=!3m1!4b1!4m6!3m5!1s0x80c8c70684d158ff:0xdd432b0bf39aa771!8m2!3d36.0742338!4d-115.4342498!16s%2Fg%2F11q41996t2?entry=ttu&g_ep=EgoyMDI2MDUyNi4wIKXMDSoASAFQAw%3D%3D",36.0742338,-115.4342498
Pure Plumbing & Air,Plumber,+1 702-534-1910,"2950 E Sunset Rd #110, Las Vegas, NV 89120, United States",pureplumbinglv.com,4.8,4698,,2026-05-28T05:39:44.781696,"3VCQ+RR Las Vegas, Nevada, USA",,Open 24 hours,,"https://www.google.com/maps/place/Pure+Plumbing+%26+Air/@36.0720348,-115.1104777,17z/data=!3m1!4b1!4m6!3m5!1s0x80c8ce3f8a3535bb:0x354aabc63590832b!8m2!3d36.0720348!4d-115.1104777!16s%2Fg%2F12vr5fgrs?entry=ttu&g_ep=EgoyMDI2MDUyNi4wIKXMDSoASAFQAw%3D%3D",36.0720348,-115.1104777
Keystone Plumbing,Plumber,+1 702-605-4415,,keystoneplumbinglv.com,5.0,55,,2026-05-28T05:39:44.781696,,,Open · Closes 6 PM,,"https://www.google.com/maps/place/Keystone+Plumbing/@35.9755524,-115.0638775,12z/data=!3m1!4b1!4m6!3m5!1s0x29df2445f0ffbccf:0x6e2fc178c01313!8m2!3d35.9755524!4d-115.0638775!16s%2Fg%2F11yn2c5vqy?entry=ttu&g_ep=EgoyMDI2MDUyNi4wIKXMDSoASAFQAw%3D%3D",35.9755524,-115.0638775
Las Vegas Emergency Plumber CLM Repairs,Plumber,+1 702-744-9533,"3960 Howard Hughes Pkwy, Las Vegas, NV 89169, United States",emergencyplumberlasvegas12.com,5.0,26,,2026-05-28T05:39:44.781696,"4R8V+M6 Las Vegas, Nevada, USA",,Open 24 hours,,"https://www.google.com/maps/place/Las+Vegas+Emergency+Plumber+CLM+Repairs/@36.1167461,-115.1569094,17z/data=!3m1!4b1!4m6!3m5!1s0x80c8c448c95c5a97:0x257743b2b94f9ba1!8m2!3d36.1167461!4d-115.1569094!16s%2Fg%2F1tfh4yg1?entry=ttu&g_ep=EgoyMDI2MDUyNi4wIKXMDSoASAFQAw%3D%3D",36.1167461,-115.1569094
Fast Plumbing Service,Plumber,+1 702-873-5500,"3100 E Charleston Blvd # 105, Las Vegas, NV 89104, United States",fastplumbinglv.com,4.8,111,,2026-05-28T05:39:44.781696,"5V5W+P5 Las Vegas, Nevada, USA",,Open 24 hours,,"https://www.google.com/maps/place/Fast+Plumbing+Service/@36.1592646,-115.104597,17z/data=!3m1!4b1!4m6!3m5!1s0x80c8dad6aaaaaaab:0x79f5246c33f0a483!8m2!3d36.1592646!4d-115.104597!16s%2Fg%2F1261m4rmx?entry=ttu&g_ep=EgoyMDI2MDUyNi4wIKXMDSoASAFQAw%3D%3D",36.1592646,-115.104597
MG Drain Services LLC,Plumber,+1 702-480-8070,,mgdrainservices.com,5.0,216,,2026-05-28T05:39:44.781696,,,Open · Closes 5 PM,,"https://www.google.com/maps/place/MG+Drain+Services+LLC/@36.166129,-115.1496885,10z/data=!3m1!4b1!4m6!3m5!1s0x80c8dd44254f020f:0x57b940ff2fb561ff!8m2!3d36.166129!4d-115.1496886!16s%2Fg%2F1td_5g9z?entry=ttu&g_ep=EgoyMDI2MDUyNi4wIKXMDSoASAFQAw%3D%3D",36.166129,-115.1496885
The Sunny Plumber Las Vegas,Plumber,+1 702-602-0761,"6521 W Post Rd, Las Vegas, NV 89118, United States",vegas.thesunnyplumber.com,4.7,459,,2026-05-28T05:39:44.781696,"3QF8+M3 Las Vegas, Nevada, USA",,Open · Closes 12 AM,,"https://www.google.com/maps/place/The+Sunny+Plumber+Las+Vegas/@36.0742437,-115.2347693,17z/data=!3m1!4b1!4m6!3m5!1s0x80c8c78ff26d0ac1:0x47ba57c6afc62094!8m2!3d36.0742437!4d-115.2347693!16s%2Fg%2F11cn8x3bhh?entry=ttu&g_ep=EgoyMDI2MDUyNi4wIKXMDSoASAFQAw%3D%3D",36.0742437,-115.2347693
805 Plumbing And Heating,Plumber,+1 702-845-5138,"11696 Tierney Creek Dr, Las Vegas, NV 89183, United States",,4.9,74,,2026-05-28T05:39:44.781696,"XRGR+WJ Las Vegas, Nevada, USA",,Open 24 hours,,"https://www.google.com/maps/place/805+Plumbing+And+Heating/@35.9772548,-115.1584633,17z/data=!3m1!4b1!4m6!3m5!1s0x80c8dafd72e40421:0x92c1cb50f27eef44!8m2!3d35.9772548!4d-115.1584633!16s%2Fg%2F11j03bn1c5?entry=ttu&g_ep=EgoyMDI2MDUyNi4wIKXMDSoASAFQAw%3D%3D",35.9772548,-115.1584633
Allstate Service Group,Plumber,+1 702-518-4720,"5940 S Rainbow Blvd, Las Vegas, NV 89118, United States",allstateservicegroup.com,4.7,279,,2026-05-28T05:39:44.781696,"3QJ5+9J Las Vegas, Nevada, USA",,Open · Closes 5 PM,,"https://www.google.com/maps/place/Allstate+Service+Group/@36.0809733,-115.2409725,17z/data=!3m1!4b1!4m6!3m5!1s0x80c8c74b735d6485:0xce903a4c74a07c9a!8m2!3d36.0809733!4d-115.2409725!16s%2Fg%2F11h3nfx2jc?entry=ttu&g_ep=EgoyMDI2MDUyNi4wIKXMDSoASAFQAw%3D%3D",36.0809733,-115.2409725
Water Heater Repair Las Vegas Now,Plumber,+1 725-209-7387,"4200 Helen Ave, Las Vegas, NV 89130, United States",techcoollv.com,5.0,67,,2026-05-28T05:39:44.781696,"6QPJ+5H Las Vegas, Nevada, USA",,Open 24 hours,,"https://www.google.com/maps/place/Water+Heater+Repair+Las+Vegas+Now/@36.2354593,-115.2185805,17z/data=!3m1!4b1!4m6!3m5!1s0x80c8ebae9d887099:0xfd7d29b4ebc65990!8m2!3d36.2354593!4d-115.2185805!16s%2Fg%2F11fwmps8nh?entry=ttu&g_ep=EgoyMDI2MDUyNi4wIKXMDSoASAFQAw%3D%3D",36.2354593,-115.2185805
Hydro Plumbing Inc,Plumber,+1 702-872-3043,"8775 S Lindell Rd #100, Las Vegas, NV 89139, United States",hydroplumbinginc.com,4.8,678,,2026-05-28T05:39:44.781696,"2QJM+65 Las Vegas, Nevada, USA",,Open 24 hours,,"https://www.google.com/maps/place/Hydro+Plumbing+Inc/@36.0306,-115.2171216,17z/data=!3m1!4b1!4m6!3m5!1s0x80c8c9d2bae77761:0xfa139ea44fb231db!8m2!3d36.0306!4d-115.2171216!16s%2Fg%2F11fmztdn8d?entry=ttu&g_ep=EgoyMDI2MDUyNi4wIKXMDSoASAFQAw%3D%3D",36.0306,-115.2171216
USA Plumbing & Air,Plumber,+1 702-500-0931,"3859 S Valley View Blvd Unit 10, Las Vegas, NV 89103, United States",usaplumbingandair.com,4.8,95,,2026-05-28T05:39:44.781696,"4RC5+FF Las Vegas, Nevada, USA",,Open 24 hours,,"https://www.google.com/maps/place/USA+Plumbing+%26+Air/@36.1211259,-115.1913707,17z/data=!3m1!4b1!4m6!3m5!1s0x80c8c7b4ef8fb565:0x803ffe764508c5a4!8m2!3d36.1211259!4d-115.1913707!16s%2Fg%2F11v6fdvvhz?entry=ttu&g_ep=EgoyMDI2MDUyNi4wIKXMDSoASAFQAw%3D%3D",36.1211259,-115.1913707
Fast Emergency Plumbing Solutions,Plumber,+1 725-281-6237,"500 N Rainbow Blvd, Las Vegas, NV 89107, United States",wix-vibe-site.com,4.7,12,,2026-05-28T05:39:44.781696,"5QH5+69 Las Vegas, Nevada, USA",,Open · Closes 11 PM,,"https://www.google.com/maps/place/Fast+Emergency+Plumbing+Solutions/@36.1780811,-115.2415738,17z/data=!3m1!4b1!4m6!3m5!1s0x80c8c1cf831adfcf:0x8093d1d39fe3f94c!8m2!3d36.1780811!4d-115.2415738!16s%2Fg%2F11ssdglg79?entry=ttu&g_ep=EgoyMDI2MDUyNi4wIKXMDSoASAFQAw%3D%3D",36.1780811,-115.2415738
Raptor Plumbing Las Vegas,Plumber,+1 702-257-7511,"8755 S Lindell Rd #100, Las Vegas, NV 89139, United States",raptorplumbing.com,4.4,64,,2026-05-28T05:39:44.781696,"2QJJ+5R Las Vegas, Nevada, USA",,Closes soon · 3:30 PM · Opens 7 AM Thu,,"https://www.google.com/maps/place/Raptor+Plumbing+Las+Vegas/@36.0304494,-115.2179998,17z/data=!3m1!4b1!4m6!3m5!1s0x80c8c25ffe9230c5:0x2b25b34885418964!8m2!3d36.0304494!4d-115.2179998!16s%2Fg%2F1hc4q1fmw?entry=ttu&g_ep=EgoyMDI2MDUyNi4wIKXMDSoASAFQAw%3D%3D",36.0304494,-115.2179998
Sin City Plumbing,Plumber,+1 702-431-6502,"2301 Haren Dr, Henderson, NV 89011, United States",sincityplumbing.com,4.9,680,,2026-05-28T05:39:44.781696,"3292+CH Henderson, Nevada, USA",,Open · Closes 4:30 PM,,"https://www.google.com/maps/place/Sin+City+Plumbing/@36.0685544,-114.9985902,17z/data=!3m1!4b1!4m6!3m5!1s0x80c8cff571d3661d:0x47eee497b7ba47a1!8m2!3d36.0685544!4d-114.9985902!16s%2Fg%2F124t251rf?entry=ttu&g_ep=EgoyMDI2MDUyNi4wIKXMDSoASAFQAw%3D%3D",36.0685544,-114.9985902
Jump 2 It Plumbing,Plumber,+1 702-438-3106,"6895 E Lake Mead Blvd # 6, Las Vegas, NV 89156, United States",jump2itplumbing.com,4.8,571,,2026-05-28T05:39:44.781696,"5XVF+MQ Las Vegas, Nevada, USA",,Open · Closes 6 PM,,"https://www.google.com/maps/place/Jump+2+It+Plumbing/@36.1942044,-115.0255033,17z/data=!3m1!4b1!4m6!3m5!1s0x80c8dc4c4a62c7ad:0x3ebf40d9d61144c4!8m2!3d36.1942044!4d-115.0255033!16s%2Fg%2F1tf31p3h?entry=ttu&g_ep=EgoyMDI2MDUyNi4wIKXMDSoASAFQAw%3D%3D",36.1942044,-115.0255033
OSP Plumbing & Rooter,Plumber,+1 702-772-7222,,24plumbingservices.com,4.6,229,,2026-05-28T05:39:44.781696,,,Open 24 hours,,"https://www.google.com/maps/place/OSP+Plumbing+%26+Rooter/@35.9277595,-114.9698721,8z/data=!3m1!4b1!4m6!3m5!1s0x896d3609f856bc0f:0x1d6cfc9a681b598b!8m2!3d35.9277595!4d-114.969872!16s%2Fg%2F11y42v5x1k?entry=ttu&g_ep=EgoyMDI2MDUyNi4wIKXMDSoASAFQAw%3D%3D",35.9277595,-114.9698721
Mr. Rooter Plumbing of Las Vegas,Plumber,+1 702-843-0410,"3275 W Ali Baba Ln Ste 509, Las Vegas, NV 89118, United States",mrrooter.com,5.0,141,,2026-05-28T05:39:44.781696,"3RV8+V8 Las Vegas, Nevada, USA",,Open 24 hours,,"https://www.google.com/maps/place/Mr.+Rooter+Plumbing+of+Las+Vegas/@36.094718,-115.1842379,17z/data=!3m1!4b1!4m6!3m5!1s0x80c8c53236a4739d:0x116e174e1a76b068!8m2!3d36.094718!4d-115.1842379!16s%2Fg%2F11w3m_tmr2?entry=ttu&g_ep=EgoyMDI2MDUyNi4wIKXMDSoASAFQAw%3D%3D",36.094718,-115.1842379
Red Carpet Plumbing,Plumber,+1 702-567-9172,,redcarpetplumbing.com,4.8,76,,2026-05-28T05:39:44.781696,,,Open · Closes 4:30 PM,,"https://www.google.com/maps/place/Red+Carpet+Plumbing/@35.9277595,-114.9698721,8z/data=!3m1!4b1!4m6!3m5!1s0x80c8cfaca54fffff:0xc675be119657398f!8m2!3d35.9277595!4d-114.969872!16s%2Fg%2F11gmxbgf74?entry=ttu&g_ep=EgoyMDI2MDUyNi4wIKXMDSoASAFQAw%3D%3D",35.9277595,-114.9698721
Excellence Plumbing,Plumber,+1 702-715-5882,,vtz.uow.mybluehost.me,4.7,196,,2026-05-28T05:39:44.781696,,,Open · Closes 5 PM,,"https://www.google.com/maps/place/Excellence+Plumbing/@36.0561135,-115.1072285,10z/data=!3m1!4b1!4m6!3m5!1s0x6b0604d1b6063b81:0xa4ec73ed18f91285!8m2!3d36.0561135!4d-115.1072285!16s%2Fg%2F11v0z1cr3r?entry=ttu&g_ep=EgoyMDI2MDUyNi4wIKXMDSoASAFQAw%3D%3D",36.0561135,-115.1072285
"Plumb Perfect, LLC",Plumber,+1 702-701-1158,"5045 W Lake Mead Blvd, Las Vegas, NV 89108, United States",plumbperfectnv.com,5.0,145,,2026-05-28T05:39:44.781696,"5QWR+3C Las Vegas, Nevada, USA",,Open 24 hours,,"https://www.google.com/maps/place/Plumb+Perfect,+LLC/@36.1951861,-115.2089755,17z/data=!3m1!4b1!4m6!3m5!1s0x8b943ed27cf17c37:0xa80615aeca3f583!8m2!3d36.1951861!4d-115.2089755!16s%2Fg%2F11lcqjc6gq?entry=ttu&g_ep=EgoyMDI2MDUyNi4wIKXMDSoASAFQAw%3D%3D",36.1951861,-115.2089755
Plumber1 Las Vegas,Plumber,+1 702-830-9910,"3003 S Valley View Blvd #165, Las Vegas, NV 89102, United States",,5.0,44,,2026-05-28T05:39:44.781696,"4RP5+MM Las Vegas, Nevada, USA",,Open 24 hours,,"https://www.google.com/maps/place/Plumber1+Las+Vegas/@36.136728,-115.1907809,17z/data=!3m1!4b1!4m6!3m5!1s0x80c8c7d7f980f871:0x91a8c5f50fcc9ed7!8m2!3d36.136728!4d-115.1907809!16s%2Fg%2F11g_zzs8c7?entry=ttu&g_ep=EgoyMDI2MDUyNi4wIKXMDSoASAFQAw%3D%3D",36.136728,-115.1907809
Emergency Plumber Las Vegas,Plumber,+1 702-659-9844,,emergencyplumberlasvegas.net,5.0,1,,2026-05-28T05:39:44.781696,,,Open 24 hours,,"https://www.google.com/maps/place/Emergency+Plumber+Las+Vegas/@35.9277595,-114.9698485,8z/data=!3m1!4b1!4m6!3m5!1s0x80c8c7e01d7b9e89:0x1d34bba2feab1a6b!8m2!3d35.9277595!4d-114.9698486!16s%2Fg%2F11f9w2t7_g?entry=ttu&g_ep=EgoyMDI2MDUyNi4wIKXMDSoASAFQAw%3D%3D",35.9277595,-114.9698485
"Mach 1 Plumbing, LLC",Plumber,+1 702-643-1886,"5831 Madre Mesa Dr, Las Vegas, NV 89108, United States",mach1plumbing.com,5.0,131,,2026-05-28T05:39:44.781696,"6Q5H+54 Las Vegas, Nevada, USA",,Closes soon · 4:30 PM · Opens 7 AM Thu,,"https://www.google.com/maps/place/Mach+1+Plumbing,+LLC/@36.2079597,-115.2221387,17z/data=!3m1!4b1!4m6!3m5!1s0x80c8c33a5c33fdab:0xd58d1f63109ce7db!8m2!3d36.2079597!4d-115.2221387!16s%2Fg%2F11h6yf07x9?entry=ttu&g_ep=EgoyMDI2MDUyNi4wIKXMDSoASAFQAw%3D%3D",36.2079597,-115.2221387
Signature Plumbing LLC,Plumber,+1 702-350-2057,,signatureplumbinglv.com,5.0,43,,2026-05-28T05:39:44.781696,,,Open 24 hours,,"https://www.google.com/maps/place/Signature+Plumbing+LLC/@36.0561135,-115.0880905,10z/data=!3m1!4b1!4m6!3m5!1s0xa597f1ca69e5863f:0x91c4cd29b241e600!8m2!3d36.0561135!4d-115.0880905!16s%2Fg%2F11y1x48h8q?entry=ttu&g_ep=EgoyMDI2MDUyNi4wIKXMDSoASAFQAw%3D%3D",36.0561135,-115.0880905
Uncle E’s Plumbing,Plumber,+1 702-286-6683,,uncleesplumbing.com,4.8,65,,2026-05-28T05:39:44.781696,,,Open 24 hours,,"https://www.google.com/maps/place/Uncle+E%E2%80%99s+Plumbing/@36.0561135,-115.1072285,10z/data=!3m1!4b1!4m6!3m5!1s0x50e7f3bf93dc035:0x1a46bdc6cc58f382!8m2!3d36.0561135!4d-115.1072285!16s%2Fg%2F11ydgsyj7z?entry=ttu&g_ep=EgoyMDI2MDUyNi4wIKXMDSoASAFQAw%3D%3D",36.0561135,-115.1072285
Discount Drain Cleaning LV,Plumber,+1 702-272-8743,"1950 N Michael Way, Las Vegas, NV 89108, United States",discountdraincleanlv.com,4.9,225,,2026-05-28T05:39:44.781696,"5QVM+RV Las Vegas, Nevada, USA",,Open 24 hours,,"https://www.google.com/maps/place/Discount+Drain+Cleaning+LV/@36.1945559,-115.2152691,17z/data=!3m1!4b1!4m6!3m5!1s0x80c8c22ae89cb337:0xa637cc10a9a8c414!8m2!3d36.1945559!4d-115.2152691!16s%2Fg%2F11b7f0f1_s?entry=ttu&g_ep=EgoyMDI2MDUyNi4wIKXMDSoASAFQAw%3D%3D",36.1945559,-115.2152691
Elliott's Sewer & Drain,Plumber,+1 702-382-7389,"1850 Willow Trail, Las Vegas, NV 89108, United States",elliottslv.com,4.2,20,,2026-05-28T05:39:44.781696,"5RV5+78 Las Vegas, Nevada, USA",,Open 24 hours,,"https://www.google.com/maps/place/Elliott's+Sewer+%26+Drain/@36.1932035,-115.1916255,17z/data=!3m1!4b1!4m6!3m5!1s0xb7a65eb49003a55:0x8b25cad0a105ffd7!8m2!3d36.1932035!4d-115.1916255!16s%2Fg%2F11l5khd14v?entry=ttu&g_ep=EgoyMDI2MDUyNi4wIKXMDSoASAFQAw%3D%3D",36.1932035,-115.1916255
Valley1 maintenance unlimited,Property maintenance,+1 702-308-8776,"3170 Polaris Ave UNIT 1, Las Vegas, NV 89102, United States",valleyoneunlimited.com,4.9,165,,2026-05-28T05:39:44.781696,"4RJ7+QC Las Vegas, Nevada, USA",,Closes soon · 4 PM · Opens 7 AM Thu,,"https://www.google.com/maps/place/Valley1+maintenance+unlimited/@36.1319001,-115.1864148,17z/data=!3m1!4b1!4m6!3m5!1s0x80c8c5a65d613373:0x465d9d008f9582f1!8m2!3d36.1319001!4d-115.1864148!16s%2Fg%2F11nfvjjw90?entry=ttu&g_ep=EgoyMDI2MDUyNi4wIKXMDSoASAFQAw%3D%3D",36.1319001,-115.1864148
Re-Nu America Drain Cleaning and pipe lining,Plumber,+1 702-788-6580,,renuamericaspipe.com,5.0,19,,2026-05-28T05:39:44.781696,,,Open · Closes 6 PM,,"https://www.google.com/maps/place/Re-Nu+America+Drain+Cleaning+and+pipe+lining/@38.5018495,-117.0229669,6z/data=!3m1!4b1!4m6!3m5!1s0x84da03b5cac0ee61:0x21200f453280f927!8m2!3d38.5018495!4d-117.022967!16s%2Fg%2F11t1cd9hd5?entry=ttu&g_ep=EgoyMDI2MDUyNi4wIKXMDSoASAFQAw%3D%3D",38.5018495,-117.0229669
Vegas Built Services LLC,Plumber,+1 702-580-3790,,vegasbuiltservices.com,4.9,53,,2026-05-28T05:39:44.781696,,,Open · Closes 8:30 PM,,"https://www.google.com/maps/place/Vegas+Built+Services+LLC/@35.9277595,-114.9698721,8z/data=!3m1!4b1!4m6!3m5!1s0xaea84f0354e2c79:0x8c9bf8559449a6ac!8m2!3d35.9277595!4d-114.969872!16s%2Fg%2F11vq2zf779?entry=ttu&g_ep=EgoyMDI2MDUyNi4wIKXMDSoASAFQAw%3D%3D",35.9277595,-114.9698721
On Site Plumber & Leak Detection North Las Vegas,Plumber,+1 702-323-1257,"2039 Civic Center Dr, Las Vegas, NV 89101, United States",onsiteplumberleakdetection.com,5.0,19,,2026-05-28T05:39:44.781696,"5VWH+VX Las Vegas, Nevada, USA",,Open · Closes 10 PM,,"https://www.google.com/maps/place/On+Site+Plumber+%26+Leak+Detection+North+Las+Vegas/@36.197191,-115.1200168,17z/data=!3m1!4b1!4m6!3m5!1s0x80c8c320b93dec47:0xb0ee32cd2bf094f0!8m2!3d36.197191!4d-115.1200168!16s%2Fg%2F11stkm5s4b?entry=ttu&g_ep=EgoyMDI2MDUyNi4wIKXMDSoASAFQAw%3D%3D",36.197191,-115.1200168
ROI Plumbing,Plumber,+1 725-699-8900,,roiplumbing.com,4.4,51,,2026-05-28T05:39:44.781696,,,Open 24 hours,,"https://www.google.com/maps/place/ROI+Plumbing/@36.2655174,-115.2343695,11z/data=!3m1!4b1!4m6!3m5!1s0x67a8b02032810ab7:0x9f1e64ee532a8c9a!8m2!3d36.2655174!4d-115.2343695!16s%2Fg%2F11mlyblklx?entry=ttu&g_ep=EgoyMDI2MDUyNi4wIKXMDSoASAFQAw%3D%3D",36.2655174,-115.2343695
Zoom Drain Las Vegas,Plumber,+1 702-710-6969,"4310 Cameron St Suite 2, Las Vegas, NV 89103, United States",zoomdrain.com,4.9,102,,2026-05-28T05:39:44.781696,"4Q6W+GJ Las Vegas, Nevada, USA",,Open 24 hours,,"https://www.google.com/maps/place/Zoom+Drain+Las+Vegas/@36.1113483,-115.2034128,17z/data=!3m1!4b1!4m6!3m5!1s0xca7d2bd41bc34b1:0xde81b0f658fbe54e!8m2!3d36.1113483!4d-115.2034128!16s%2Fg%2F11vwqc2847?entry=ttu&g_ep=EgoyMDI2MDUyNi4wIKXMDSoASAFQAw%3D%3D",36.1113483,-115.2034128
Animo Plumbing,Plumber,+1 725-485-5500,,animo-plumbing.homes,4.5,64,,2026-05-28T05:39:44.781696,,,Open 24 hours,,"https://www.google.com/maps/place/Animo+Plumbing/@36.2655174,-115.2343695,11z/data=!3m1!4b1!4m6!3m5!1s0xa396824aad29f5d3:0x8328a7cb393324f1!8m2!3d36.2655174!4d-115.2343695!16s%2Fg%2F11ypnmg5dw?entry=ttu&g_ep=EgoyMDI2MDUyNi4wIKXMDSoASAFQAw%3D%3D",36.2655174,-115.2343695
Johnny On The Spot,Plumber,+1 702-331-8053,"5440 S Procyon St STE A, Las Vegas, NV 89118, United States",johnnys.vegas,4.9,2487,,2026-05-28T05:39:44.781696,"3RR7+G6 Las Vegas, Nevada, USA","
Open 24 hours

Confirmed by this business 11 weeks ago

See more hours

",,,"https://www.google.com/maps/place/Johnny+On+The+Spot/@36.0913622,-115.1869881,17z/data=!3m1!4b1!4m6!3m5!1s0x80c8c41e9099e91f:0xd816713bb0ed80f6!8m2!3d36.0913622!4d-115.1869881!16s%2Fg%2F11c328mxn6?entry=ttu&g_ep=EgoyMDI2MDUyNi4wIKXMDSoASAFQAw%3D%3D",36.0913622,-115.1869881
Vegas Plumbing Pros,Contractor,+1 702-879-4267,"801 S 4th St Suite 530, Las Vegas, NV 89101, United States",direct-plumbing-lasvegas.com,5.0,13,,2026-05-28T05:39:44.781696,"5V63+F6 Las Vegas, Nevada, USA",,Open 24 hours,,"https://www.google.com/maps/place/Vegas+Plumbing+Pros/@36.1612215,-115.1469038,17z/data=!3m1!4b1!4m6!3m5!1s0x80c8c39c9b055555:0xd883728a2abacc9b!8m2!3d36.1612215!4d-115.1469038!16s%2Fg%2F11rxhzs8qf?entry=ttu&g_ep=EgoyMDI2MDUyNi4wIKXMDSoASAFQAw%3D%3D",36.1612215,-115.1469038
Plumbing N Las Vegas Svs,Plumber,+1 702-347-4294,"2475 W Cheyenne Ave #186, North Las Vegas, NV 89032, United States",,5.0,15,,2026-05-28T05:39:44.781696,"6R8F+GP North Las Vegas, Nevada, USA",,Open 24 hours,,"https://www.google.com/maps/place/Plumbing+N+Las+Vegas+Svs/@36.216348,-115.175669,17z/data=!3m1!4b1!4m6!3m5!1s0x6884932c7bc2b6e7:0x2b5c5555d7e24463!8m2!3d36.216348!4d-115.175669!16s%2Fg%2F11yj75sm9c?entry=ttu&g_ep=EgoyMDI2MDUyNi4wIKXMDSoASAFQAw%3D%3D",36.216348,-115.175669
Blue Diamond Plumbing,Plumber,+1 702-723-7348,,bluediamondplumbingllc.com,4.4,217,,2026-05-28T05:39:44.781696,,,Closes soon · 4 PM · Opens 7 AM Thu,,"https://www.google.com/maps/place/Blue+Diamond+Plumbing/@36.166129,-115.1496885,10z/data=!3m1!4b1!4m6!3m5!1s0x56e842fabcb5215:0x1b1db232ee0f09d8!8m2!3d36.166129!4d-115.1496886!16s%2Fg%2F11stfrzdfp?entry=ttu&g_ep=EgoyMDI2MDUyNi4wIKXMDSoASAFQAw%3D%3D",36.166129,-115.1496885
Professional Drain Unblockers & Svc LLC,Plumber,+1 702-704-3431,,,4.8,22,,2026-05-28T05:39:44.781696,,,Open 24 hours,,"https://www.google.com/maps/place/Professional+Drain+Unblockers+%26+Svc+LLC/@35.9277595,-114.9698721,8z/data=!3m1!4b1!4m6!3m5!1s0x8ea0e50cdab8a0bf:0x9ea27f574ecaf950!8m2!3d35.9277595!4d-114.969872!16s%2Fg%2F11w4b60bmb?entry=ttu&g_ep=EgoyMDI2MDUyNi4wIKXMDSoASAFQAw%3D%3D",35.9277595,-114.9698721
AJ's Sewer & Drain,Plumber,+1 702-800-0171,"708 S 3rd St, Las Vegas, NV 89101, United States",,2.7,54,,2026-05-28T05:39:44.781696,"5V72+6Q Las Vegas, Nevada, USA",,Open 24 hours,,"https://www.google.com/maps/place/AJ's+Sewer+%26+Drain/@36.1630294,-115.1480263,17z/data=!3m1!4b1!4m6!3m5!1s0x80c8c3479c2e1775:0xad3d31a51b95c1ff!8m2!3d36.1630294!4d-115.1480263!16s%2Fg%2F11szckpkx9?entry=ttu&g_ep=EgoyMDI2MDUyNi4wIKXMDSoASAFQAw%3D%3D",36.1630294,-115.1480263
Advanced Pro Plumbing Las Vegas,Plumber,+1 702-603-7520,"2950 E Flamingo Rd, Las Vegas, NV 89121, United States",applumbinglv.com,5.0,9,,2026-05-28T05:39:44.781696,"4V8Q+6Q Las Vegas, Nevada, USA",,Open 24 hours,,"https://www.google.com/maps/place/Advanced+Pro+Plumbing+Las+Vegas/@36.1155268,-115.1105382,17z/data=!3m1!4b1!4m6!3m5!1s0x80c8c58992333033:0xb2181d77ac59bf06!8m2!3d36.1155268!4d-115.1105382!16s%2Fg%2F11n44vq87g?entry=ttu&g_ep=EgoyMDI2MDUyNi4wIKXMDSoASAFQAw%3D%3D",36.1155268,-115.1105382
Total Drain Solutions,Plumber,+1 702-220-9096,,totaldrainsolutions.com,5.0,23,,2026-05-28T05:39:44.781696,,,Closes soon · 4 PM · Opens 8 AM Thu,,"https://www.google.com/maps/place/Total+Drain+Solutions/@36.0561135,-115.0880966,10z/data=!3m1!4b1!4m6!3m5!1s0x80c8c7019590778d:0x1efd31fdbc7a99e3!8m2!3d36.0561135!4d-115.0880966!16s%2Fg%2F11swn7d7yh?entry=ttu&g_ep=EgoyMDI2MDUyNi4wIKXMDSoASAFQAw%3D%3D",36.0561135,-115.0880966
Loyalty Plumbing Sewer & Drain,Plumber,+1 725-302-6354,"500 N Rainbow Blvd Suite 301A, Las Vegas, NV 89107, United States",clarkcountyplumber.org,4.8,18,,2026-05-28T05:39:44.781696,"5QH5+59 Las Vegas, Nevada, USA",,Open 24 hours,,"https://www.google.com/maps/place/Loyalty+Plumbing+Sewer+%26+Drain/@36.1779686,-115.241544,17z/data=!3m1!4b1!4m6!3m5!1s0x4cb2ec7254067e63:0x4e5802f1578ace7c!8m2!3d36.1779686!4d-115.241544!16s%2Fg%2F1wh4fg8h?entry=ttu&g_ep=EgoyMDI2MDUyNi4wIKXMDSoASAFQAw%3D%3D",36.1779686,-115.241544
VEGAS DRAIN MASTERS LLC,Drainage service,+1 702-347-0738,,vegasdrainmastersllc.com,4.9,111,,2026-05-28T05:39:44.781696,,,Open 24 hours,,"https://www.google.com/maps/place/VEGAS+DRAIN+MASTERS+LLC/@36.166129,-115.294742,10z/data=!3m1!4b1!4m6!3m5!1s0xa2d7c32227919af:0xe33ee99ff3bedfce!8m2!3d36.166129!4d-115.294742!16s%2Fg%2F11rxrz2tgm?entry=ttu&g_ep=EgoyMDI2MDUyNi4wIKXMDSoASAFQAw%3D%3D",36.166129,-115.294742
Las Vegas Drain Cleaners,Plumber,+1 702-534-3777,,,,,,2026-05-28T05:39:44.781696,,,Open 24 hours,,"https://www.google.com/maps/place/Las+Vegas+Drain+Cleaners/@36.166129,-115.1496825,10z/data=!3m1!4b1!4m6!3m5!1s0x47024869c083d407:0x6a9819e5b71220fd!8m2!3d36.166129!4d-115.1496825!16s%2Fg%2F11txzhkh95?entry=ttu&g_ep=EgoyMDI2MDUyNi4wIKXMDSoASAFQAw%3D%3D",36.166129,-115.1496825
Drain Cleaning Las Vegas,Drainage service,+1 702-707-7352,,draincleaninglasvegas.org,4.8,4,,2026-05-28T05:39:44.781696,,,Open 24 hours,,"https://www.google.com/maps/place/Drain+Cleaning+Las+Vegas/@36.166129,-115.1496885,10z/data=!3m1!4b1!4m6!3m5!1s0x80c8cfc2aca7a3fb:0x221f41187c47747d!8m2!3d36.166129!4d-115.1496886!16s%2Fg%2F11p503_pxt?entry=ttu&g_ep=EgoyMDI2MDUyNi4wIKXMDSoASAFQAw%3D%3D",36.166129,-115.1496885
Eternal Plumbing Solutions,Plumber,+1 702-712-0838,"3140 Polaris Ave Ste. 7, Dock 47, Las Vegas, NV 89102, United States",eternalservices.com,4.6,185,,2026-05-28T05:39:44.781696,"4RJ7+X6 Las Vegas, Nevada, USA",,Open 24 hours,,"https://www.google.com/maps/place/Eternal+Plumbing+Solutions/@36.1324119,-115.1869706,17z/data=!3m1!4b1!4m6!3m5!1s0x80c8b7e415cd25b9:0xd839ab0599b9f148!8m2!3d36.1324119!4d-115.1869706!16s%2Fg%2F11c2lqrkjr?entry=ttu&g_ep=EgoyMDI2MDUyNi4wIKXMDSoASAFQAw%3D%3D",36.1324119,-115.1869706
Acme,001,,,"1 Main St, Las Vegas, NV 89101",https://acme.com,4.5,50,Plumber,,,36.1,-115.1
Acme,001,,,"1 Main St, Las Vegas, NV 89101",https://acme.com,4.5,50,Plumber,,,36.1,-115.1
Acme,002,,,"1 Main St, Las Vegas, NV 89101",https://acme.com,4.5,50,Plumber,,,36.1,-115.1
